t[s];CAN3.VCU_APPS_RAW.apps_1000[]
0.000000;0
0.010000;0
0.020000;0
0.030000;0
0.040000;0
0.050000;0
0.060000;0
0.070000;0
0.080000;0
0.090000;0
0.100000;0
0.110000;0
0.120000;0
0.130000;0
0.140000;0
0.150000;0
0.160000;0
0.170000;0
0.180000;0
0.190000;0
0.200000;0
0.210000;0
0.220000;0
0.230000;0
0.240000;0
0.250000;0
0.260000;0
0.270000;0
0.280000;0
0.290000;0
0.300000;0
0.310000;0
0.320000;0
0.330000;0
0.340000;0
0.350000;0
0.360000;0
0.370000;0
0.380000;0
0.390000;0
0.400000;0
0.410000;0
0.420000;0
0.430000;0
0.440000;0
0.450000;0
0.460000;0
0.470000;0
0.480000;0
0.490000;0
0.500000;0
0.510000;0
0.520000;0
0.530000;0
0.540000;0
0.550000;0
0.560000;0
0.570000;0
0.580000;0
0.590000;0
0.600000;0
0.610000;0
0.620000;0
0.630000;0
0.640000;0
0.650000;0
0.660000;0
0.670000;0
0.680000;0
0.690000;0
0.700000;0
0.710000;0
0.720000;0
0.730000;0
0.740000;0
0.750000;0
0.760000;0
0.770000;0
0.780000;0
0.790000;0
0.800000;0
0.810000;0
0.820000;0
0.830000;0
0.840000;0
0.850000;0
0.860000;0
0.870000;0
0.880000;0
0.890000;0
0.900000;0
0.910000;0
0.920000;0
0.930000;0
0.940000;0
0.950000;0
0.960000;0
0.970000;0
0.980000;0
0.990000;0
1.000000;0
1.010000;0
1.020000;0
1.030000;0
1.040000;0
1.050000;0
1.060000;0
1.070000;0
1.080000;0
1.090000;0
1.100000;0
1.110000;0
1.120000;0
1.130000;0
1.140000;0
1.150000;0
1.160000;0
1.170000;0
1.180000;0
1.190000;0
1.200000;0
1.210000;0
1.220000;0
1.230000;0
1.240000;0
1.250000;0
1.260000;0
1.270000;0
1.280000;0
1.290000;0
1.300000;0
1.310000;0
1.320000;0
1.330000;0
1.340000;0
1.350000;0
1.360000;0
1.370000;0
1.380000;0
1.390000;0
1.400000;0
1.410000;0
1.420000;0
1.430000;0
1.440000;0
1.450000;0
1.460000;0
1.470000;0
1.480000;0
1.490000;13
1.500000;56
1.510000;99
1.520000;144
1.530000;191
1.540000;245
1.550000;303
1.560000;357
1.570000;416
1.580000;490
1.590000;565
1.600000;636
1.610000;710
1.620000;777
1.630000;842
1.640000;907
1.650000;966
1.660000;999
1.670000;999
1.680000;999
1.690000;999
1.700000;999
1.710000;999
1.720000;999
1.730000;999
1.740000;999
1.750000;999
1.760000;999
1.770000;999
1.780000;999
1.790000;999
1.800000;999
1.810000;999
1.820000;999
1.830000;999
1.840000;999
1.850000;999
1.860000;999
1.870000;999
1.880000;999
1.900000;999
1.910000;999
1.920000;999
1.930000;999
1.940000;999
1.950000;999
1.960000;999
1.970000;999
1.980000;999
1.990000;999
2.000000;999
2.010000;999
2.020000;999
2.030000;999
2.040000;999
2.050000;999
2.060000;999
2.070000;999
2.080000;999
2.090000;999
2.100000;999
2.110000;999
2.120000;999
2.130000;999
2.140000;999
2.150000;999
2.160000;999
2.170000;999
2.180000;999
2.190000;999
2.200000;999
2.210000;999
2.220000;999
2.230000;999
2.240000;999
2.250000;999
2.260000;999
2.270000;999
2.280000;999
2.290000;999
2.300000;999
2.310000;999
2.320000;999
2.330000;999
2.340000;999
2.350000;999
2.360000;999
2.370000;999
2.380000;999
2.390000;999
2.400000;999
2.410000;999
2.420000;999
2.430000;999
2.440000;999
2.450000;999
2.460000;999
2.470000;999
2.480000;999
2.490000;999
2.500000;999
2.510000;999
2.520000;999
2.530000;999
2.540000;999
2.550000;999
2.560000;999
2.570000;999
2.580000;999
2.590000;999
2.600000;999
2.610000;999
2.620000;999
2.630000;999
2.640000;999
2.650000;999
2.660000;999
2.670000;999
2.680000;999
2.690000;999
2.700000;999
2.710000;999
2.720000;999
2.730000;999
2.740000;999
2.750000;999
2.760000;999
2.770000;999
2.780000;999
2.790000;999
2.800000;999
2.810000;999
2.820000;999
2.830000;999
2.840000;999
2.850000;999
2.860000;999
2.870000;999
2.880000;999
2.890000;999
2.900000;999
2.910000;999
2.920000;999
2.930000;999
2.940000;999
2.950000;999
2.960000;999
2.970000;999
2.980000;999
2.990000;999
3.000000;999
3.010000;999
3.020000;999
3.030000;999
3.040000;999
3.050000;999
3.060000;999
3.070000;999
3.080000;999
3.090000;999
3.100000;999
3.110000;999
3.120000;999
3.130000;999
3.140000;999
3.150000;999
3.160000;999
3.170000;999
3.180000;999
3.190000;999
3.200000;999
3.210000;999
3.220000;999
3.230000;999
3.240000;999
3.250000;999
3.260000;999
3.270000;999
3.280000;999
3.290000;999
3.300000;999
3.310000;999
3.320000;999
3.330000;999
3.340000;999
3.350000;999
3.360000;999
3.370000;999
3.380000;999
3.390000;999
3.400000;999
3.410000;999
3.420000;999
3.430000;999
3.440000;999
3.450000;999
3.460000;999
3.470000;999
3.480000;999
3.490000;999
3.500000;999
3.510000;999
3.520000;999
3.530000;999
3.540000;999
3.550000;999
3.560000;999
3.570000;999
3.580000;999
3.590000;999
3.600000;999
3.610000;999
3.620000;999
3.630000;999
3.640000;999
3.650000;999
3.660000;999
3.670000;999
3.680000;999
3.690000;999
3.700000;999
3.710000;999
3.720000;999
3.730000;999
3.740000;999
3.750000;999
3.760000;999
3.770000;999
3.780000;999
3.790000;999
3.800000;999
3.810000;999
3.820000;999
3.830000;999
3.840000;999
3.850000;999
3.860000;999
3.870000;999
3.880000;999
3.890000;999
3.900000;999
3.910000;999
3.920000;999
3.930000;999
3.940000;999
3.950000;999
3.960000;862
3.970000;680
3.980000;501
3.990000;321
4.000000;158
4.010000;40
4.020000;0
4.030000;0
4.040000;0
4.050000;0
4.060000;0
4.070000;0
4.080000;0
4.090000;0
4.100000;0
4.110000;0
4.120000;0
4.130000;0
4.140000;0
4.150000;0
4.160000;0
4.170000;0
4.180000;0
4.190000;0
4.200000;0
4.210000;0
4.220000;0
4.230000;0
4.240000;0
4.250000;0
4.260000;0
4.270000;0
4.280000;0
4.290000;0
4.300000;0
4.310000;0
4.320000;0
4.330000;0
4.340000;0
4.350000;0
4.360000;0
4.370000;0
4.380000;0
4.390000;0
4.400000;0
4.410000;0
4.420000;0
4.430000;0
4.440000;0
4.450000;0
4.460000;0
4.470000;0
4.480000;0
4.490000;0
4.500000;0
4.510000;0
4.520000;0
4.530000;2
4.540000;27
4.550000;55
4.560000;87
4.570000;126
4.580000;171
4.590000;219
4.600000;269
4.610000;311
4.620000;341
4.630000;367
4.640000;390
4.650000;422
4.660000;457
4.670000;490
4.680000;511
4.690000;519
4.700000;521
4.710000;511
4.720000;499
4.730000;481
4.740000;440
4.750000;373
4.760000;291
4.770000;200
4.780000;111
4.790000;39
4.800000;3
4.810000;5
4.820000;5
4.830000;9
4.840000;10
4.850000;4
4.860000;0
4.870000;0
4.880000;0
4.890000;0
4.900000;0
4.910000;0
4.920000;0
4.930000;0
4.940000;0
4.950000;0
4.960000;0
4.970000;0
4.980000;0
4.990000;0
5.000000;0
5.010000;0
5.020000;0
5.030000;0
5.040000;0
5.050000;0
5.060000;0
5.070000;0
5.080000;0
5.090000;0
5.100000;0
5.110000;0
5.120000;0
5.130000;0
5.140000;0
5.150000;0
5.160000;0
5.170000;0
5.180000;0
5.190000;0
5.200000;0
5.210000;0
5.220000;0
5.230000;0
5.240000;0
5.250000;0
5.260000;0
5.270000;0
5.280000;0
5.290000;0
5.300000;0
5.310000;0
5.320000;0
5.330000;0
5.340000;0
5.350000;0
5.360000;0
5.370000;0
5.380000;0
5.390000;0
5.400000;0
5.410000;0
5.420000;0
5.430000;0
5.440000;0
5.450000;0
5.460000;0
5.470000;0
5.480000;0
5.490000;0
5.500000;0
5.510000;0
5.520000;0
5.530000;0
5.540000;0
5.550000;0
5.560000;0
5.570000;0
5.580000;0
5.590000;0
5.600000;0
5.610000;0
5.620000;0
5.630000;0
5.640000;0
5.650000;0
5.660000;0
5.670000;0
5.680000;0
5.690000;0
5.700000;0
5.710000;0
5.720000;0
5.730000;0
5.740000;0
5.750000;0
5.760000;0
5.770000;0
5.780000;0
5.790000;0
5.800000;0
5.810000;48
5.820000;106
5.830000;163
5.840000;215
5.850000;263
5.860000;313
5.870000;348
5.880000;380
5.890000;408
5.900000;441
5.910000;474
5.920000;506
5.930000;536
5.940000;561
5.950000;574
5.960000;581
5.970000;577
5.980000;574
5.990000;569
6.000000;558
6.010000;547
6.020000;525
6.030000;514
6.040000;509
6.050000;513
6.060000;518
6.070000;514
6.080000;514
6.090000;516
6.100000;517
6.110000;516
6.120000;521
6.130000;527
6.140000;532
6.150000;543
6.160000;553
6.170000;566
6.180000;578
6.190000;585
6.200000;594
6.210000;603
6.220000;614
6.230000;630
6.240000;636
6.250000;643
6.260000;660
6.270000;651
6.280000;657
6.290000;664
6.300000;674
6.310000;686
6.320000;693
6.330000;706
6.340000;711
6.360000;712
6.370000;711
6.380000;712
6.390000;709
6.400000;716
6.410000;715
6.420000;711
6.430000;715
6.440000;716
6.450000;717
6.460000;722
6.470000;724
6.480000;733
6.490000;733
6.500000;744
6.510000;754
6.520000;761
6.530000;757
6.540000;753
6.550000;733
6.560000;749
6.570000;741
6.580000;731
6.590000;727
6.600000;724
6.610000;720
6.620000;712
6.630000;700
6.640000;700
6.650000;699
6.660000;697
6.670000;697
6.680000;697
6.690000;689
6.700000;674
6.710000;627
6.720000;563
6.730000;488
6.740000;408
6.750000;343
6.760000;283
6.770000;229
6.780000;203
6.790000;188
6.800000;181
6.810000;183
6.820000;188
6.830000;196
6.840000;200
6.850000;217
6.860000;234
6.870000;258
6.880000;284
6.890000;309
6.900000;334
6.910000;353
6.920000;375
6.930000;371
6.940000;367
6.950000;365
6.960000;356
6.970000;354
6.980000;340
7.000000;301
7.010000;283
7.020000;281
7.030000;282
7.040000;283
7.050000;286
7.060000;291
7.070000;300
7.080000;312
7.090000;330
7.100000;349
7.110000;363
7.120000;370
7.130000;373
7.140000;376
7.150000;387
7.160000;396
7.170000;412
7.180000;431
7.190000;451
7.200000;471
7.210000;489
7.220000;508
7.230000;516
7.240000;522
7.250000;529
7.260000;531
7.270000;532
7.280000;534
7.290000;530
7.300000;531
7.310000;531
7.320000;530
7.330000;530
7.340000;532
7.350000;532
7.360000;534
7.370000;534
7.380000;542
7.390000;530
7.400000;535
7.410000;522
7.420000;521
7.430000;516
7.440000;517
7.450000;517
7.460000;519
7.470000;515
7.480000;519
7.490000;518
7.500000;518
7.510000;511
7.520000;500
7.530000;466
7.540000;425
7.550000;387
7.560000;348
7.570000;317
7.580000;298
7.590000;290
7.600000;289
7.610000;275
7.620000;246
7.630000;202
7.650000;113
7.660000;66
7.670000;34
7.680000;18
7.690000;14
7.700000;15
7.710000;14
7.720000;13
7.730000;9
7.740000;0
7.750000;0
7.760000;0
7.770000;0
7.780000;0
7.790000;0
7.800000;0
7.810000;0
7.820000;0
7.830000;0
7.840000;0
7.850000;0
7.860000;0
7.870000;0
7.880000;0
7.890000;0
7.900000;0
7.910000;0
7.920000;0
7.930000;0
7.940000;0
7.950000;0
7.960000;0
7.970000;0
7.980000;1
7.990000;29
8.000000;56
8.010000;76
8.020000;96
8.030000;133
8.040000;171
8.050000;211
8.060000;242
8.070000;272
8.080000;299
8.090000;308
8.100000;315
8.110000;329
8.130000;336
8.140000;341
8.150000;341
8.160000;345
8.170000;334
8.180000;325
8.190000;305
8.200000;269
8.210000;221
8.220000;165
8.230000;107
8.240000;86
8.250000;95
8.260000;98
8.270000;110
8.280000;118
8.290000;126
8.300000;122
8.310000;126
8.320000;132
8.330000;137
8.340000;140
8.350000;145
8.360000;146
8.370000;153
8.380000;149
8.390000;150
8.400000;148
8.410000;146
8.420000;145
8.430000;145
8.440000;144
8.450000;145
8.460000;145
8.470000;148
8.480000;153
8.490000;173
8.500000;185
8.510000;197
8.520000;216
8.530000;237
8.540000;257
8.550000;276
8.560000;289
8.570000;299
8.580000;300
8.590000;307
8.600000;307
8.610000;314
8.620000;318
8.630000;323
8.640000;331
8.650000;341
8.660000;355
8.670000;373
8.680000;388
8.690000;407
8.700000;408
8.710000;413
8.720000;412
8.730000;414
8.740000;415
8.750000;410
8.760000;413
8.770000;412
8.780000;400
8.790000;403
8.800000;404
8.810000;403
8.820000;405
8.830000;403
8.840000;407
8.850000;408
8.860000;407
8.870000;406
8.880000;408
8.890000;408
8.900000;407
8.910000;407
8.920000;401
8.930000;403
8.940000;398
8.950000;392
8.960000;375
8.970000;358
8.980000;334
8.990000;305
9.000000;296
9.010000;291
9.020000;284
9.030000;288
9.040000;290
9.050000;291
9.060000;290
9.070000;291
9.080000;289
9.090000;283
9.100000;272
9.110000;258
9.120000;245
9.130000;227
9.140000;202
9.150000;185
9.160000;158
9.170000;139
9.180000;129
9.190000;119
9.200000;116
9.210000;119
9.220000;120
9.230000;126
9.240000;124
9.250000;131
9.260000;132
9.270000;135
9.280000;145
9.290000;141
9.300000;132
9.310000;136
9.320000;128
9.330000;123
9.340000;124
9.350000;123
9.360000;126
9.370000;128
9.380000;133
9.390000;140
9.400000;145
9.410000;156
9.420000;183
9.430000;200
9.440000;232
9.450000;254
9.460000;283
9.470000;309
9.480000;331
9.490000;351
9.500000;367
9.510000;381
9.520000;388
9.530000;397
9.540000;405
9.550000;407
9.560000;413
9.570000;424
9.580000;439
9.590000;454
9.600000;472
9.610000;492
9.620000;515
9.630000;540
9.640000;558
9.650000;583
9.660000;613
9.670000;634
9.680000;657
9.690000;668
9.700000;676
9.710000;677
9.720000;670
9.730000;669
9.740000;669
9.750000;670
9.760000;668
9.770000;669
9.780000;669
9.790000;670
9.800000;670
9.810000;666
9.820000;665
9.830000;661
9.840000;658
9.850000;652
9.860000;649
9.870000;642
9.880000;617
9.890000;573
9.900000;527
9.910000;462
9.920000;395
9.930000;334
9.940000;289
9.950000;242
9.960000;189
9.970000;128
9.980000;64
9.990000;17
10.000000;0
10.010000;0
10.020000;0
10.030000;0
10.040000;0
10.050000;0
10.060000;0
10.070000;0
10.080000;0
10.090000;0
10.100000;0
10.110000;0
10.120000;9
10.130000;20
10.140000;36
10.150000;59
10.160000;78
10.170000;104
10.180000;130
10.190000;157
10.200000;182
10.210000;203
10.220000;216
10.230000;231
10.240000;240
10.250000;253
10.260000;269
10.270000;288
10.280000;316
10.290000;347
10.300000;371
10.310000;397
10.320000;414
10.330000;435
10.340000;433
10.350000;435
10.360000;429
10.370000;427
10.380000;423
10.390000;424
10.400000;424
10.410000;425
10.420000;421
10.430000;422
10.440000;425
10.450000;412
10.460000;424
10.470000;417
10.480000;427
10.490000;418
10.500000;421
10.510000;421
10.520000;417
10.530000;437
10.540000;443
10.550000;458
10.560000;451
10.570000;456
10.580000;462
10.590000;466
10.600000;469
10.610000;476
10.620000;476
10.630000;476
10.640000;481
10.650000;480
10.660000;480
10.670000;480
10.680000;477
10.690000;479
10.700000;476
10.710000;474
10.720000;473
10.730000;467
10.740000;475
10.750000;472
10.760000;475
10.770000;473
10.780000;474
10.790000;473
10.800000;471
10.810000;469
10.820000;467
10.830000;465
10.840000;465
10.850000;466
10.860000;469
10.870000;481
10.880000;475
10.890000;477
10.900000;481
10.910000;488
10.920000;491
10.930000;496
10.940000;501
10.950000;502
10.960000;500
10.970000;502
10.980000;496
10.990000;493
11.000000;490
11.010000;481
11.020000;468
11.030000;449
11.040000;424
11.050000;400
11.060000;378
11.070000;350
11.080000;338
11.090000;340
11.100000;338
11.110000;343
11.120000;341
11.130000;345
11.140000;341
11.150000;340
11.160000;341
11.170000;341
11.180000;341
11.190000;339
11.200000;340
11.210000;339
11.220000;339
11.230000;338
11.240000;337
11.250000;338
11.260000;339
11.270000;342
11.280000;340
11.290000;338
11.300000;339
11.310000;338
11.320000;336
11.330000;330
11.340000;317
11.350000;298
11.360000;278
11.370000;263
11.380000;254
11.390000;254
11.400000;257
11.410000;262
11.420000;262
11.430000;272
11.440000;284
11.450000;298
11.460000;317
11.470000;338
11.480000;359
11.490000;375
11.500000;383
11.510000;387
11.520000;381
11.530000;371
11.540000;361
11.550000;338
11.560000;300
11.570000;273
11.580000;272
11.590000;271
11.600000;262
11.610000;246
11.620000;220
11.630000;190
11.640000;172
11.650000;164
11.660000;168
11.670000;170
11.680000;170
11.700000;182
11.710000;188
11.720000;206
11.730000;210
11.740000;214
11.750000;217
11.760000;219
11.770000;211
11.780000;217
11.790000;204
11.800000;185
11.810000;161
11.820000;156
11.830000;154
11.840000;156
11.850000;156
11.860000;157
11.870000;164
11.880000;169
11.890000;168
11.900000;177
11.910000;196
11.920000;216
11.930000;240
11.940000;257
11.950000;272
11.960000;281
11.970000;294
11.980000;303
11.990000;312
12.000000;322
12.010000;329
12.020000;336
12.030000;338
12.040000;337
12.050000;339
12.060000;343
12.070000;349
12.080000;358
12.090000;371
12.100000;385
12.110000;403
12.120000;425
12.130000;448
12.140000;469
12.150000;493
12.160000;518
12.170000;534
12.180000;551
12.190000;555
12.200000;551
12.210000;549
12.220000;548
12.230000;543
12.240000;539
12.250000;542
12.260000;525
12.270000;516
12.280000;501
12.290000;494
12.300000;490
12.310000;488
12.320000;488
12.330000;489
12.340000;493
12.350000;494
12.360000;497
12.370000;500
12.380000;501
12.390000;502
12.400000;500
12.410000;499
12.420000;494
12.430000;493
12.440000;492
12.450000;487
12.460000;477
12.470000;471
12.480000;465
12.490000;460
12.500000;458
12.510000;458
12.520000;457
12.530000;460
12.540000;458
12.550000;457
12.560000;451
12.570000;455
12.580000;454
12.590000;454
12.600000;449
12.610000;442
12.620000;437
12.630000;433
12.640000;438
12.650000;441
12.660000;441
12.670000;441
12.680000;445
12.690000;449
12.700000;451
12.710000;455
12.720000;455
12.730000;452
12.740000;455
12.750000;451
12.760000;448
12.770000;446
12.780000;440
12.790000;429
12.800000;418
12.810000;407
12.820000;398
12.830000;396
12.840000;392
12.850000;390
12.860000;389
12.870000;393
12.880000;396
12.890000;398
12.900000;401
12.910000;401
12.920000;404
12.930000;400
12.940000;395
12.950000;379
12.960000;364
12.970000;351
12.980000;355
12.990000;350
13.000000;357
13.010000;358
13.020000;359
13.030000;345
13.040000;336
13.050000;332
13.060000;329
13.070000;325
13.080000;329
13.090000;334
13.100000;334
13.110000;337
13.120000;333
13.140000;309
13.150000;289
13.160000;271
13.170000;259
13.180000;261
13.190000;259
13.200000;255
13.210000;249
13.220000;249
13.230000;245
13.240000;242
13.250000;240
13.260000;246
13.270000;242
13.280000;245
13.290000;241
13.300000;234
13.310000;228
13.320000;225
13.330000;224
13.340000;228
13.350000;228
13.360000;230
13.370000;234
13.380000;232
13.390000;238
13.400000;245
13.410000;257
13.420000;273
13.430000;296
13.440000;318
13.450000;346
13.460000;366
13.470000;384
13.480000;390
13.490000;384
13.500000;385
13.510000;378
13.520000;370
13.530000;353
13.540000;336
13.550000;320
13.560000;309
13.570000;308
13.580000;306
13.590000;313
13.600000;313
13.610000;312
13.620000;317
13.630000;322
13.650000;339
13.660000;351
13.670000;366
13.680000;381
13.690000;392
13.700000;395
13.720000;391
13.730000;393
13.740000;391
13.750000;393
13.760000;396
13.770000;395
13.780000;401
13.790000;407
13.800000;406
13.810000;406
13.820000;407
13.830000;403
13.840000;406
13.850000;405
13.860000;408
13.870000;409
13.880000;409
13.890000;414
13.900000;417
13.910000;423
13.920000;422
13.930000;423
13.940000;421
13.950000;418
13.960000;417
13.970000;417
13.980000;416
13.990000;416
14.000000;412
14.010000;414
14.020000;416
14.030000;420
14.040000;418
14.050000;408
14.060000;405
14.070000;400
14.080000;398
14.090000;393
14.100000;380
14.110000;368
14.120000;351
14.130000;339
14.140000;334
14.150000;333
14.160000;332
14.170000;337
14.180000;337
14.190000;339
14.200000;339
14.210000;349
14.220000;357
14.230000;365
14.240000;367
14.250000;385
14.270000;396
14.280000;391
14.290000;396
14.300000;387
14.310000;371
14.320000;364
14.330000;331
14.350000;262
14.360000;232
14.370000;210
14.380000;204
14.390000;217
14.400000;222
14.410000;222
14.420000;222
14.430000;214
14.440000;207
14.450000;208
14.460000;208
14.470000;212
14.480000;214
14.490000;216
14.500000;216
14.510000;219
14.520000;215
14.530000;208
14.540000;200
14.550000;192
14.560000;191
14.570000;190
14.580000;186
14.590000;188
14.600000;186
14.610000;189
14.620000;196
14.630000;210
14.640000;207
14.650000;220
14.660000;229
14.670000;238
14.680000;247
14.690000;248
14.700000;250
14.720000;247
14.730000;242
14.740000;244
14.750000;244
14.760000;252
14.770000;258
14.790000;274
14.800000;283
14.810000;283
14.820000;291
14.830000;301
14.840000;313
14.850000;322
14.860000;326
14.870000;331
14.880000;339
14.890000;340
14.900000;345
14.910000;348
14.920000;351
14.930000;364
14.940000;372
14.950000;382
14.960000;384
14.970000;391
14.980000;391
14.990000;391
15.000000;395
15.010000;393
15.020000;396
15.030000;392
15.040000;395
15.050000;392
15.060000;392
15.070000;389
15.080000;389
15.090000;388
15.100000;387
15.110000;384
15.120000;383
15.130000;380
15.140000;388
15.150000;388
15.160000;374
15.170000;387
15.180000;376
15.190000;380
15.200000;382
15.210000;387
15.220000;384
15.240000;397
15.250000;400
15.260000;405
15.270000;421
15.280000;414
15.290000;413
15.300000;407
15.310000;420
15.320000;420
15.330000;429
15.340000;432
15.350000;440
15.360000;452
15.370000;463
15.380000;475
15.390000;484
15.400000;496
15.410000;501
15.420000;504
15.430000;502
15.440000;504
15.450000;505
15.460000;502
15.470000;502
15.480000;514
15.490000;504
15.500000;506
15.510000;505
15.520000;506
15.530000;506
15.540000;501
15.550000;496
15.560000;492
15.570000;485
15.580000;475
15.590000;479
15.600000;499
15.610000;505
15.620000;506
15.630000;506
15.640000;505
15.650000;500
15.660000;497
15.670000;500
15.680000;501
15.690000;504
15.700000;514
15.720000;518
15.730000;515
15.740000;514
15.750000;513
15.760000;505
15.770000;507
15.780000;509
15.790000;508
15.800000;509
15.810000;523
15.820000;510
15.830000;511
15.840000;510
15.850000;508
15.860000;506
15.870000;505
15.880000;505
15.890000;504
15.900000;505
15.910000;501
15.920000;493
15.930000;497
15.940000;483
15.950000;474
15.960000;462
15.970000;468
15.980000;472
15.990000;471
16.000000;466
16.010000;465
16.030000;433
16.040000;403
16.050000;379
16.060000;361
16.070000;334
16.080000;308
16.090000;279
16.100000;262
16.110000;258
16.120000;240
16.130000;207
16.140000;152
16.150000;81
16.160000;28
16.170000;0
16.180000;0
16.190000;0
16.200000;0
16.210000;0
16.220000;0
16.230000;0
16.240000;0
16.250000;0
16.260000;0
16.270000;0
16.280000;0
16.290000;0
16.300000;0
16.310000;0
16.320000;0
16.330000;0
16.340000;0
16.350000;0
16.360000;0
16.370000;0
16.380000;0
16.390000;0
16.400000;0
16.410000;0
16.420000;0
16.430000;0
16.440000;0
16.450000;0
16.460000;0
16.470000;0
16.480000;0
16.490000;0
16.500000;0
16.510000;0
16.520000;0
16.530000;0
16.540000;0
16.550000;0
16.560000;0
16.570000;0
16.580000;0
16.590000;0
16.600000;0
16.610000;0
16.620000;0
16.630000;0
16.640000;0
16.650000;0
16.660000;0
16.670000;0
16.680000;0
16.690000;0
16.700000;0
16.710000;0
16.720000;0
16.730000;0
16.740000;6
16.750000;15
16.760000;32
16.770000;48
16.780000;73
16.790000;97
16.800000;128
16.810000;162
16.820000;194
16.830000;217
16.840000;238
16.850000;233
16.860000;240
16.870000;238
16.880000;228
16.890000;228
16.900000;222
16.910000;212
16.920000;215
16.930000;203
16.940000;199
16.950000;205
16.960000;210
16.970000;210
16.980000;211
16.990000;219
17.000000;214
17.010000;241
17.020000;257
17.030000;281
17.040000;294
17.050000;295
17.060000;297
17.070000;286
17.080000;279
17.090000;245
17.100000;204
17.110000;154
17.120000;105
17.130000;71
17.140000;36
17.150000;24
17.160000;23
17.170000;11
17.180000;7
17.190000;0
17.200000;0
17.210000;0
17.220000;0
17.230000;0
17.240000;0
17.250000;0
17.260000;0
17.270000;0
17.280000;0
17.290000;0
17.300000;0
17.310000;22
17.320000;54
17.330000;88
17.340000;130
17.350000;155
17.360000;195
17.370000;208
17.380000;207
17.390000;206
17.400000;203
17.410000;199
17.420000;207
17.430000;214
17.440000;196
17.450000;196
17.460000;202
17.470000;204
17.480000;207
17.490000;210
17.500000;207
17.510000;210
17.520000;210
17.530000;208
17.540000;208
17.550000;204
17.560000;205
17.570000;199
17.580000;198
17.590000;197
17.600000;194
17.610000;190
17.620000;180
17.630000;169
17.640000;164
17.650000;158
17.660000;160
17.670000;161
17.680000;165
17.690000;172
17.700000;177
17.710000;188
17.720000;202
17.730000;228
17.740000;248
17.750000;270
17.760000;282
17.770000;299
17.780000;300
17.790000;298
17.800000;301
17.810000;298
17.820000;296
17.830000;297
17.840000;298
17.850000;299
17.860000;305
17.870000;315
17.880000;336
17.890000;362
17.900000;378
17.910000;399
17.920000;414
17.930000;423
17.940000;421
17.950000;429
17.960000;429
17.970000;433
17.980000;425
17.990000;432
18.000000;424
18.010000;427
18.020000;423
18.030000;429
18.040000;423
18.050000;430
18.060000;430
18.070000;429
18.080000;433
18.090000;435
18.100000;441
18.110000;434
18.120000;437
18.130000;429
18.140000;426
18.150000;427
18.160000;421
18.170000;429
18.180000;413
18.190000;413
18.200000;406
18.210000;380
18.220000;373
18.230000;358
18.240000;340
18.250000;331
18.260000;325
18.270000;328
18.280000;326
18.290000;333
18.300000;328
18.310000;338
18.320000;328
18.330000;331
18.340000;336
18.350000;337
18.360000;337
18.370000;340
18.380000;348
18.390000;347
18.400000;346
18.410000;351
18.420000;339
18.430000;347
18.440000;347
18.450000;336
18.460000;333
18.470000;330
18.480000;330
18.490000;331
18.500000;308
18.510000;279
18.520000;254
18.530000;244
18.540000;240
18.550000;242
18.560000;249
18.570000;262
18.580000;276
18.590000;295
18.600000;301
18.610000;303
18.620000;304
18.630000;298
18.640000;307
18.650000;296
18.660000;295
18.670000;303
18.680000;306
18.690000;300
18.700000;305
18.710000;326
18.720000;347
18.730000;367
18.740000;385
18.750000;408
18.760000;407
18.770000;423
18.780000;408
18.790000;410
18.800000;404
18.810000;400
18.820000;403
18.830000;406
18.850000;407
18.860000;404
18.870000;403
18.880000;400
18.890000;406
18.900000;409
18.910000;427
18.920000;422
18.930000;432
18.940000;433
18.950000;430
18.960000;421
18.970000;407
18.980000;384
18.990000;364
19.000000;333
19.010000;305
19.020000;267
19.030000;240
19.040000;227
19.050000;219
19.060000;219
19.070000;217
19.080000;223
19.090000;231
19.100000;228
19.110000;231
19.120000;234
19.130000;231
19.140000;220
19.150000;219
19.160000;222
19.170000;211
19.180000;204
19.190000;191
19.200000;177
19.210000;165
19.220000;152
19.230000;141
19.240000;137
19.250000;153
19.260000;143
19.280000;149
19.290000;153
19.300000;158
19.310000;172
19.330000;194
19.340000;210
19.350000;232
19.360000;259
19.370000;279
19.380000;297
19.390000;314
19.400000;323
19.410000;347
19.420000;341
19.430000;338
19.440000;333
19.450000;333
19.460000;326
19.470000;324
19.480000;315
19.490000;309
19.500000;305
19.510000;307
19.520000;309
19.530000;318
19.540000;324
19.550000;346
19.560000;382
19.570000;417
19.580000;446
19.590000;465
19.600000;480
19.610000;474
19.620000;465
19.630000;463
19.640000;465
19.650000;459
19.660000;447
19.670000;439
19.680000;434
19.690000;407
19.700000;383
19.710000;368
19.720000;341
19.730000;324
19.740000;316
19.750000;325
19.760000;315
19.770000;315
19.780000;328
19.790000;320
19.800000;325
19.810000;328
19.820000;331
19.830000;332
19.840000;342
19.850000;342
19.860000;353
19.870000;381
19.880000;412
19.890000;435
19.900000;443
19.910000;447
19.920000;443
19.930000;426
19.940000;414
19.950000;399
19.960000;383
19.970000;354
19.980000;324
19.990000;292
20.000000;271
20.010000;244
20.020000;229
20.030000;232
20.040000;231
20.050000;228
20.060000;233
20.070000;238
20.080000;254
20.090000;257
20.100000;275
20.110000;292
20.120000;313
20.130000;337
20.140000;354
20.150000;381
20.160000;389
20.170000;381
20.180000;389
20.190000;382
20.200000;367
20.210000;357
20.220000;348
20.230000;334
20.240000;315
20.250000;289
20.260000;253
20.270000;210
20.280000;177
20.290000;153
20.300000;141
20.310000;138
20.320000;139
20.330000;140
20.340000;141
20.350000;138
20.360000;139
20.370000;138
20.380000;135
20.390000;135
20.400000;133
20.410000;132
20.420000;127
20.430000;122
20.440000;113
20.450000;104
20.460000;97
20.470000;97
20.480000;99
20.490000;103
20.500000;107
20.510000;115
20.520000;124
20.530000;136
20.540000;145
20.550000;160
20.560000;164
20.570000;172
20.580000;172
20.590000;174
20.600000;174
20.610000;171
20.620000;165
20.630000;166
20.640000;170
20.650000;166
20.660000;165
20.670000;155
20.680000;146
20.690000;148
20.700000;162
20.710000;150
20.720000;150
20.730000;160
20.740000;153
20.750000;152
20.760000;157
20.770000;164
20.780000;166
20.790000;162
20.800000;180
20.810000;190
20.820000;211
20.830000;231
20.840000;257
20.850000;264
20.860000;271
20.870000;271
20.880000;272
20.890000;272
20.900000;276
20.910000;280
20.920000;276
20.930000;279
20.940000;287
20.950000;286
20.960000;276
20.970000;284
20.980000;273
20.990000;273
21.000000;271
21.010000;269
21.020000;266
21.030000;273
21.040000;281
21.050000;278
21.060000;284
21.070000;288
21.080000;303
21.090000;301
21.100000;309
21.110000;311
21.120000;324
21.130000;336
21.140000;345
21.150000;350
21.160000;353
21.170000;354
21.180000;350
21.190000;354
21.200000;356
21.210000;355
21.220000;356
21.230000;357
21.240000;363
21.250000;367
21.260000;385
21.270000;400
21.280000;430
21.290000;443
21.300000;456
21.310000;462
21.320000;452
21.330000;456
21.340000;451
21.350000;448
21.360000;442
21.370000;451
21.380000;440
21.390000;441
21.400000;445
21.410000;449
21.420000;450
21.430000;446
21.440000;433
21.450000;422
21.460000;412
21.470000;401
21.480000;398
21.490000;396
21.500000;403
21.510000;409
21.520000;423
21.530000;424
21.540000;425
21.550000;421
21.560000;423
21.570000;416
21.580000;424
21.590000;410
21.600000;408
21.610000;407
21.620000;401
21.630000;398
21.640000;389
21.650000;370
21.660000;345
21.670000;321
21.680000;292
21.690000;272
21.700000;256
21.710000;248
21.720000;244
21.730000;257
21.740000;256
21.750000;252
21.760000;257
21.770000;248
21.780000;258
21.790000;245
21.800000;244
21.810000;229
21.820000;215
21.830000;207
21.840000;196
21.850000;189
21.860000;180
21.870000;166
21.880000;141
21.890000;116
21.900000;97
21.910000;73
21.930000;49
21.940000;51
21.950000;55
21.960000;56
21.970000;62
21.980000;64
21.990000;69
22.000000;71
22.010000;85
22.020000;102
22.030000;121
22.040000;139
22.050000;150
22.060000;161
22.070000;153
22.080000;163
22.090000;163
22.100000;168
22.110000;166
22.120000;172
22.130000;181
22.140000;187
22.150000;215
22.160000;234
22.170000;250
22.180000;272
22.190000;280
22.200000;286
22.210000;292
22.220000;286
22.230000;281
22.240000;282
22.250000;275
22.260000;280
22.270000;280
22.280000;274
22.290000;271
22.300000;265
22.310000;259
22.320000;249
22.330000;239
22.340000;223
22.350000;212
22.360000;206
22.370000;206
22.380000;206
22.390000;202
22.400000;200
22.410000;199
22.420000;198
22.430000;196
22.440000;194
22.450000;199
22.460000;186
22.470000;190
22.480000;185
22.490000;177
22.500000;190
22.510000;181
22.520000;182
22.530000;191
22.540000;189
22.550000;197
22.560000;199
22.570000;203
22.580000;199
22.590000;204
22.600000;213
22.610000;222
22.620000;230
22.630000;244
22.640000;248
22.650000;245
22.660000;248
22.670000;239
22.680000;244
22.690000;232
22.700000;240
22.710000;241
22.720000;232
22.730000;237
22.740000;242
22.750000;242
22.760000;246
22.770000;244
22.780000;242
22.790000;241
22.800000;240
22.810000;248
22.820000;249
22.830000;259
22.840000;276
22.850000;314
22.860000;356
22.870000;379
22.880000;404
22.890000;425
22.900000;432
22.910000;443
22.920000;445
22.930000;439
22.940000;439
22.950000;437
22.960000;427
22.970000;427
22.980000;421
22.990000;407
23.000000;380
23.010000;346
23.020000;313
23.030000;296
23.040000;280
23.050000;266
23.060000;267
23.070000;256
23.080000;250
23.090000;246
23.100000;242
23.110000;241
23.120000;249
23.130000;247
23.140000;237
23.150000;241
23.160000;247
23.170000;239
23.180000;239
23.190000;249
23.200000;256
23.210000;267
23.220000;290
23.230000;299
23.240000;340
23.250000;357
23.260000;380
23.270000;383
23.280000;383
23.290000;385
23.300000;391
23.310000;380
23.320000;381
23.330000;385
23.340000;376
23.350000;371
23.360000;382
23.370000;370
23.380000;366
23.390000;370
23.400000;371
23.410000;363
23.420000;364
23.430000;356
23.440000;364
23.450000;373
23.460000;365
23.470000;373
23.480000;373
23.490000;371
23.500000;371
23.510000;367
23.520000;370
23.530000;370
23.540000;370
23.550000;373
23.560000;375
23.570000;380
23.580000;373
23.590000;372
23.600000;374
23.610000;382
23.620000;380
23.630000;383
23.640000;390
23.650000;403
23.660000;416
23.670000;439
23.680000;437
23.690000;449
23.700000;430
23.710000;431
23.720000;435
23.730000;440
23.740000;425
23.750000;401
23.760000;367
23.770000;336
23.780000;299
23.790000;270
23.800000;271
23.810000;273
23.820000;279
23.830000;301
23.840000;338
23.850000;373
23.860000;395
23.870000;390
23.880000;387
23.890000;379
23.900000;372
23.910000;368
23.920000;368
23.930000;362
23.940000;364
23.950000;367
23.960000;365
23.970000;371
23.980000;381
23.990000;380
24.000000;389
24.010000;389
24.020000;395
24.030000;403
24.040000;414
24.050000;429
24.060000;446
24.070000;437
24.090000;445
24.100000;442
24.110000;439
24.120000;446
24.130000;442
24.140000;441
24.150000;447
24.160000;438
24.170000;437
24.180000;432
24.190000;439
24.200000;432
24.210000;438
24.220000;432
24.230000;429
24.240000;431
24.250000;424
24.260000;425
24.270000;425
24.280000;420
24.290000;429
24.300000;426
24.310000;430
24.320000;433
24.330000;426
24.340000;432
24.350000;426
24.360000;432
24.370000;429
24.380000;422
24.390000;421
24.400000;415
24.410000;412
24.420000;405
24.430000;403
24.440000;397
24.450000;391
24.460000;378
24.470000;365
24.480000;370
24.490000;372
24.500000;366
24.510000;363
24.520000;356
24.530000;343
24.540000;321
24.550000;316
24.560000;284
24.580000;265
24.590000;259
24.600000;273
24.610000;272
24.620000;282
24.630000;275
24.640000;284
24.650000;288
24.660000;274
24.670000;272
24.680000;272
24.690000;270
24.700000;276
24.710000;281
24.720000;276
24.730000;274
24.740000;282
24.750000;282
24.770000;282
24.780000;281
24.790000;291
24.800000;283
24.810000;290
24.820000;295
24.830000;307
24.840000;305
24.850000;307
24.860000;303
24.870000;309
24.880000;294
24.890000;290
24.900000;288
24.910000;290
24.920000;294
24.930000;290
24.940000;299
24.950000;292
24.960000;301
24.970000;296
24.980000;299
24.990000;304
25.000000;304
25.010000;294
25.020000;289
25.030000;295
25.040000;296
25.050000;286
25.060000;287
25.070000;292
25.080000;291
25.090000;289
25.100000;298
25.110000;292
25.120000;303
25.130000;309
25.140000;316
25.150000;316
25.160000;321
25.170000;322
25.180000;322
25.190000;326
25.200000;333
25.210000;329
25.220000;326
25.230000;330
25.240000;328
25.250000;326
25.260000;326
25.270000;324
25.280000;321
25.290000;314
25.300000;318
25.310000;315
25.320000;316
25.330000;304
25.340000;303
25.350000;299
25.360000;300
25.370000;300
25.380000;307
25.390000;307
25.400000;300
25.410000;307
25.420000;300
25.430000;314
25.440000;300
25.450000;297
25.460000;294
25.470000;266
25.480000;233
25.490000;198
25.500000;165
25.510000;145
25.520000;149
25.530000;149
25.540000;165
25.550000;187
25.560000;221
25.570000;258
25.580000;289
25.590000;333
25.600000;363
25.610000;384
25.620000;405
25.630000;409
25.640000;418
25.650000;413
25.660000;429
25.670000;440
25.690000;471
25.700000;471
25.710000;479
25.720000;480
25.730000;477
25.740000;477
25.750000;462
25.760000;458
25.770000;443
25.780000;440
25.790000;430
25.800000;420
25.810000;414
25.820000;407
25.830000;406
25.840000;409
25.850000;413
25.860000;409
25.870000;413
25.880000;415
25.890000;422
25.900000;406
25.910000;408
25.920000;406
25.930000;400
25.940000;397
25.950000;392
25.960000;389
25.970000;382
25.980000;370
25.990000;362
26.000000;363
26.010000;362
26.020000;359
26.030000;359
26.040000;361
26.050000;353
26.060000;361
26.070000;351
26.080000;355
26.090000;362
26.100000;362
26.110000;361
26.120000;359
26.130000;364
26.140000;359
26.150000;359
26.160000;362
26.170000;359
26.180000;356
26.190000;357
26.200000;356
26.210000;353
26.220000;348
26.230000;341
26.240000;324
26.250000;317
26.260000;308
26.270000;315
26.280000;305
26.290000;311
26.300000;311
26.310000;311
26.320000;309
26.330000;313
26.340000;317
26.350000;314
26.360000;312
26.370000;318
26.380000;309
26.390000;306
26.400000;306
26.410000;313
26.420000;309
26.430000;306
26.440000;314
26.450000;313
26.460000;325
26.470000;331
26.480000;337
26.490000;345
26.500000;364
26.510000;375
26.520000;396
26.530000;401
26.540000;416
26.550000;423
26.560000;426
26.570000;429
26.580000;434
26.590000;435
26.600000;438
26.610000;433
26.620000;432
26.630000;431
26.640000;430
26.650000;431
26.660000;432
26.670000;424
26.680000;432
26.690000;427
26.700000;429
26.710000;429
26.720000;426
26.730000;429
26.740000;440
26.750000;425
26.760000;433
26.770000;431
26.780000;424
26.790000;427
26.800000;433
26.810000;425
26.820000;439
26.830000;434
26.840000;432
26.850000;435
26.860000;426
26.870000;424
26.880000;427
26.890000;423
26.900000;424
26.910000;430
26.920000;421
26.930000;416
26.940000;417
26.950000;418
26.960000;421
26.970000;423
26.980000;438
26.990000;440
27.000000;464
27.010000;488
27.020000;511
27.030000;526
27.040000;543
27.050000;547
27.060000;561
27.070000;575
27.080000;599
27.090000;619
27.100000;632
27.110000;632
27.120000;626
27.130000;625
27.140000;622
27.150000;591
27.160000;556
27.170000;543
27.180000;542
27.190000;540
27.200000;533
27.210000;542
27.220000;534
27.230000;541
27.240000;550
27.250000;553
27.260000;558
27.270000;555
27.280000;555
27.290000;559
27.300000;568
27.310000;563
27.320000;564
27.330000;581
27.340000;581
27.350000;603
27.360000;609
27.370000;620
27.380000;631
27.390000;652
27.400000;669
27.410000;685
27.420000;702
27.430000;700
27.440000;710
27.450000;714
27.460000;710
27.470000;711
27.480000;706
27.490000;712
27.500000;719
27.510000;728
27.520000;734
27.530000;743
27.540000;740
27.550000;751
27.560000;753
27.570000;757
27.580000;774
27.590000;800
27.600000;841
27.610000;875
27.620000;903
27.630000;928
27.640000;925
27.650000;926
27.660000;924
27.670000;919
27.680000;922
27.690000;919
27.700000;918
27.710000;935
27.720000;949
27.730000;979
27.740000;999
27.750000;999
27.760000;999
27.770000;999
27.780000;999
27.790000;999
27.800000;999
27.810000;999
27.820000;999
27.830000;950
27.840000;819
27.850000;655
27.860000;479
27.870000;295
27.880000;110
27.890000;0
27.900000;0
27.910000;0
27.920000;0
27.930000;0
27.940000;0
27.950000;0
27.960000;0
27.970000;0
27.980000;0
27.990000;0
28.000000;0
28.010000;0
28.020000;0
28.030000;0
28.040000;0
28.050000;0
28.060000;0
28.070000;0
28.080000;0
28.090000;0
28.100000;0
28.110000;0
28.120000;0
28.130000;0
28.140000;0
28.150000;0
28.160000;0
28.170000;0
28.180000;0
28.190000;0
28.200000;0
28.210000;0
28.220000;0
28.230000;0
28.240000;0
28.250000;0
28.260000;0
28.270000;0
28.280000;0
28.290000;0
28.300000;0
28.310000;0
28.320000;0
28.330000;0
28.340000;0
28.350000;0
28.360000;0
28.370000;0
28.380000;0
28.390000;0
28.400000;0
28.410000;0
28.420000;0
28.430000;0
28.440000;0
28.450000;0
28.460000;0
28.470000;0
28.480000;0
28.490000;0
